"","valid_name","common"
"1","Molpidida",NA
"2","Caretta caretta","Loggerhead turtle"
"3","Gorgonidae",NA
"4","Dendrochirotidae",NA
"5","Phaeophyceae",NA
"6","Ectoprocta",NA
"7","Rhodomelaceae",NA
"8","Cancellaridae",NA
"9","Helix",NA
"10","Sargassum",NA
"11","Schizoporaellidae",NA
"12","Celieporidae",NA
"13","Neomeniomorpha","Solenogaster unidentified"
"14","Selachimorpha",NA
"15","Ephippidae","Spadefishes"
"16","Alcyonacea","Soft corals"
"17","Gorgonacea","Gorgonian corals"
"18","Terebratellacea","Brachiopod"
"19","Ostreoida",NA
"20","Invertebrata","Invertebrate"
"21","Cyclopterinae",NA
"22","Vase sponge",NA
"23","White claypipe sponge",NA
"24","Antipatheria","Thorny corals"
